Name,Relative Likelihood
MARY,283
AGNESS,191
GRACE,185
ELIZABETH,166
JOYCE,156
RUTH,138
ESTHER,137
CHRISTINE,136
JUDITH,133
GETRUDE,129
FLORENCE,127
CHARITY,124
ALICE,123
IREEN,118
BEATRICE,114
DOROTHY,114
MAUREEN,114
PATRICIA,106
CATHERINE,104
MARTHA,99
EUNICE,93
JOSEPHINE,91
MIRRIAM,87
MONICA,87
LOVENESS,84
SUSAN,83
MARGRET,79
MERCY,79
CATHRINE,76
ROSEMARY,75
ANNA,74
VIOLET,71
BETTY,70
ANNIE,69
BRENDA,69
BRIDGET,66
JANE,64
MARGARET,59
DOREEN,58
HELLEN,58
PRISCA,58
REGINA,58
PRECIOUS,56
ESNART,55
BEAUTY,54
ROSE,53
VERONICA,53
JUSTINA,52
GLADYS,51
JANET,51
CECILIA,50
ELINA,45
IDAH,44
SARA,44
JENIPHER,42
JESSY,40
LYDIA,40
MAGGIE,40
MISOZI,40
RABECCA,40
ANGELA,39
NAOMI,39
JULIET,38
MERVIS,38
STELLA,38
HILDA,37
SHARON,37
EDINA,36
HILDAH,36
RHODA,36
SARAH,36
MILDRED,35
RACHEAL,35
DORIS,34
BERTHA,33
MARIA,33
FEBBY,32
EVELYN,31
HARRIET,31
MABLE,31
CAROL,30
MUTINTA,30
CHRISTINA,29
FRIDAH,29
JENNIPHER,29
SOPHIA,29
LILIAN,28
PEGGY,28
LILLIAN,27
MATILDA,27
GLORIA,26
PRISCILLA,26
THERESA,26
VICTORIA,26
SYLVIA,25
EDITH,24
FELISTUS,24
LINDA,24
MEMORY,24
SELINA,24
PETRONELLA,23
BELITA,22
ENELESS,22
DORICA,21
FALESI,21
RACHAEL,21
ATINESS,20
EMMA,20
LUCIA,19
MATILDAH,19
NELIA,19
NELLY,19
CLARA,18
DIANA,18
EMELDA,18
JULIA,18
LEYA,18
MAJORY,18
MONDE,18
FANELLY,17
LUCY,17
PAMELA,17
DAINESS,16
INESS,16
LISTER,16
LYNESS,16
MELODY,16
SHELLY,16
ALINESS,15
EMELIA,15
ETHEL,15
FOSTINA,15
IVY,15
JEAN,15
LIZZY,15
LOYCE,15
QUEEN,15
ROYCE,15
CONSTANCE,14
CYNTHIA,14
EMELLY,14
ENELESI,14
ESTER,14
GIFT,14
LINA,14
VIRGINIA,14
ELESTINA,13
ELIZA,13
FATNESS,13
FRIDA,13
GEORGINA,13
JOSPHINE,13
MALITA,13
SABINA,13
SANDRA,13
SILVIA,13
GIVEN,12
MAGRET,12
OLIPA,12
PAULINE,12
SALOME,12
TASILA,12
BWALYA,11
CAROLINE,11
HOPE,11
JUDY,11
NORAH,11
RHODAH,11
RITA,11
ROSTER,11
VAINESS,11
VASTY,11
YVONNE,11
ZELIPA,11
ABIGAIL,10
ASTRIDA,10
ASTRIDAH,10
BARBARA,10
EVA,10
JULIANA,10
SIPIWE,10
AGATHA,9
BERNADETTE,9
CHIPO,9
CHRISTABEL,9
DAILESS,9
DORCAS,9
ENESS,9
ESTELE,9
EVERLYN,9
FAUSTINA,9
FOSTER,9
HELEN,9
MAVIS,9
MILIKA,9
NATASHA,9
SARAFINA,9
BELINDA,8
CHANDA,8
ELESI,8
ELLEN,8
FAIDES,8
FALAZIA,8
LISA,8
MACKLINA,8
MAINESS,8
NORIA,8
ROSA,8
SHEILA,8
THANDIWE,8
THRESA,8
THRESSA,8
TINA,8
TOMAIDA,8
WINNIE,8
ADESI,7
ALINA,7
ANGELINA,7
ANNAH,7
AUDREY,7
BRANDINA,7
BUPE,7
CHRISTETA,7
DAINA,7
EMELY,7
EVELYNE,7
FAITH,7
FANNY,7
GRACIOUS,7
INONGE,7
JENALA,7
LENA,7
LINETY,7
MADA,7
MOLLY,7
MULENGA,7
NANCY,7
PAULINA,7
RODAH,7
ROSINA,7
STELIA,7
VESTINA,7
WINFRIDAH,7
AGALASIA,6
BENITA,6
BESNART,6
DELIA,6
EDNA,6
ESNEYA,6
FAIDESI,6
FINESS,6
GEOGINA,6
JACKLINE,6
JESSICA,6
JOAN,6
KAREN,6
LASIWE,6
LEBETINA,6
LINESS,6
LONTIA,6
MAILESI,6
MARJORY,6
MUSONDA,6
MWATITHA,6
MWILA,6
NCHIMUNYA,6
PHAIDES,6
PHIRI,6
RONA,6
TYNESS,6
VIVIAN,6
ZELIA,6
ADALAIDA,5
ALAIDA,5
ANNE,5
BARBRA,5
BESTER,5
BLANDINA,5
CATHREEN,5
CHUMA,5
CLEMENTINA,5
CLEOPATRA,5
DAISY,5
DYNA,5
EDINAH,5
ELECTOR,5
ELIDA,5
ELITA,5
ELIZABERTH,5
EMELDAH,5
ENELES,5
FATIMA,5
FLORA,5
ILESS,5
IREDY,5
JOSEPH,5
JUSTINE,5
KEZIA,5
LENIA,5
LINET,5
LISELI,5
LUTE,5
LUYANDO,5
MAJORIE,5
MARGRETE,5
MEYA,5
MODESTER,5
NAMASIKU,5
NATALIA,5
NORA,5
OLIVIA,5
PATIENCE,5
PHYLIS,5
REBECCA,5
SCOLASTICA,5
SIBESO,5
TAMALA,5
TELIYA,5
TITAMENJI,5
VIOLA,5
VITALINA,5
WINFRIDA,5
YVONE,5
ZENAIDA,5
ABELESI,4
ABIGAL,4
AGNITA,4
ALBINA,4
ANGELLINA,4
ANITA,4
ANNETTE,4
BLESSING,4
CECILLIA,4
CHEELO,4
CHISHIMBA,4
CLARE,4
EFRIDA,4
ELISA,4
ELLY,4
ENALA,4
ESPINA,4
EVELINA,4
EXILDA,4
EXILDAH,4
FADALESI,4
FAIDESS,4
FALES,4
FELISTER,4
FELISTERS,4
FLAVIA,4
GERTRUDE,4
GILLIAN,4
GLENDA,4
JENNIFER,4
JENNY,4
JULLIET,4
KETTY,4
KHUMBIZE,4
LEAH,4
LENTY,4
LIDA,4
LONTIYA,4
LUNGOWE,4
LWEENDO,4
MABVUTO,4
MACRINA,4
MALESI,4
MALITINA,4
MATAMBOSE,4
MELINA,4
MELINDA,4
MOOLA,4
MUKUKA,4
MUSHUPIKE,4
MVULA,4
NAWA,4
NYANGU,4
ONALIA,4
PETER,4
PRISCILA,4
PUMULO,4
RABBECCA,4
REGIS,4
RONICA,4
ROYDAH,4
SEBA,4
SELESTINA,4
SOFIA,4
SUZEN,4
TAIPA,4
TAONGA,4
TIKAMBENJI,4
TINENENJI,4
TISA,4
TISAINE,4
TISANKHE,4
TISAUKE,4
TISIYANE,4
TISIYENJI,4
TIWINE,4
TRIFONIA,4
TRINA,4
VUTIWE,4
ZANGIWE,4
ZELESI,4
ZENIA,4
ABIYA,3
ADESS,3
AGGIE,3
AGNES,3
ALESI,3
ALPHONSINA,3
ASEDI,3
AVELESI,3
BERNADETE,3
CHAMA,3
CHIMUKA,3
CHINYAMA,3
CHISOMO,3
CHOLA,3
CHONGO,3
CHOOLWE,3
DAILES,3
DAILESI,3
DEBORA,3
DEBORAH,3
DEOPHISTER,3
DIANESS,3
DINAH,3
DOCAS,3
DYNESS,3
ELETINA,3
ELINAH,3
ELINATI,3
EMELITA,3
EMMAL,3
ENNY,3
ERICA,3
ESNALA,3
ESTELLA,3
EUPHEMIA,3
EUPHRASIA,3
EVALYN,3
EVANS,3
GODFRIDAH,3
GWEN,3
HAPPINESS,3
INELLY,3
JACQUELINE,3
JACQUILINE,3
JASPER,3
JENIFER,3
JESSIE,3
JOY,3
KALUBA,3
KASONDE,3
KUNDA,3
LADY,3
LAILA,3
LESLIE,3
LESTINA,3
LEXINA,3
LIZZIE,3
LOREEN,3
LOSTER,3
LOVE,3
LUSHOMO,3
MAGGY,3
MAILESS,3
MALALA,3
MALINA,3
MANDALENA,3
MARGRATE,3
MARIANA,3
MARINA,3
MARRIAN,3
MARVIS,3
MATRIDA,3
MAZUBA,3
MELITA,3
MEVIS,3
MOSES,3
MUNDIA,3
MWANSA,3
MWAPE,3
MWATISILA,3
MWELWA,3
MWEWA,3
NALISHEBO,3
NAMONDA,3
NAOMY,3
NGOSA,3
NOLIA,3
NURSE,3
NYAMBE,3
NYUMA,3
OLIVER,3
PENELOPE,3
PHALESS,3
PHILIS,3
PHILLIS,3
PRUDENCE,3
PURITY,3
RABBECA,3
RACHEL,3
ROMANCE,3
RONTIA,3
ROSARIA,3
SAKALA,3
SALLY,3
SELENIA,3
SEPISO,3
SHELLA,3
SOMBO,3
STELLIA,3
STEVEN,3
TAMARA,3
TEMBO,3
TENDAI,3
TERESA,3
THELMA,3
TILAPE,3
TILILE,3
TILINGANE,3
TIYANKENJI,3
TIYANKHENJI,3
VANALESS,3
VANESSA,3
VILOET,3
ZAMIWE,3
ZANGOSE,3
ADINAS,2
AIDAH,2
AILEDY,2
AILESS,2
AINESS,2
AKANANGISA,2
ALBETINA,2
ALFONSINA,2
ANASTASIA,2
ANASTAZIA,2
ANEDI,2
ANEDY,2
ANELI,2
ANELLY,2
ANIA,2
ANITAH,2
ANJELA,2
ANNASTAZIA,2
ANNETY,2
ANNY,2
ASEDY,2
ATELESI,2
AUSTIN,2
AUXILIA,2
AVELINA,2
AVERSY,2
AZINESS,2
BABARA,2
BANDA,2
BEENE,2
BELIA,2
BENADETTE,2
BENNADETTE,2
BESIA,2
BESSY,2
BETHER,2
BETINA,2
BIANCA,2
BINA,2
BINESS,2
BLESSINGS,2
BRENDAH,2
CANDY,2
CASTRIDA,2
CATHAREN,2
CELINA,2
CHAABA,2
CHANGU,2
CHARLES,2
CHILALA,2
CHILESHE,2
CHILOMBO,2
CHISANGA,2
CHISECHE,2
CHISHA,2
CHRISTABELL,2
CLAUDIA,2
CLOTILDA,2
CONCEPTER,2
CONCEPTOR,2
DAPHINE,2
DELIWE,2
DELLY,2
DELPHINE,2
DEMETRIA,2
DINA,2
DOCUS,2
DOMIA,2
DONALD,2
DONALIA,2
DORAS,2
DORICE,2
DORORTHY,2
DYLESS,2
EDAH,2
EDNAH,2
EDNESS,2
EGENIA,2
ELEDESI,2
ELEPIDA,2
ELI,2
ELIAS,2
ELIDAH,2
EMILY,2
EMMAH,2
EMMY,2
ENEDY,2
ESNELLY,2
ESTELLY,2
ESTERE,2
EUGINIA,2
EUPHRESIA,2
EVER,2
EZELIA,2
EZELIYA,2
FAINESS,2
FAIR,2
FALESS,2
FANELY,2
FATINESS,2
FELESIA,2
FELESIYA,2
FELIDA,2
FELIX,2
FENNY,2
FIDES,2
FLAVIOUR,2
FREDA,2
FRORENCE,2
GIDEON,2
GODFREY,2
GOMA,2
HEATHER,2
HONESTER,2
ILEDY,2
ILESSY,2
INGUTU,2
INUTU,2
ISAAC,2
ISABEL,2
JACKSON,2
JELITA,2
JENIA,2
JENIFFER,2
JESICA,2
JESINALA,2
JESTER,2
JOANA,2
JOHN,2
JOKIWE,2
JULITA,2
JUNITA,2
KAFULA,2
KATONGO,2
KELESIA,2
KELINA,2
KELISTER,2
KELVIN,2
KESINA,2
KIZIMA,2
KOMIWE,2
LAIKA,2
LAVENDA,2
LAZAROUS,2
LEKESINA,2
LENNY,2
LENT,2
LESSY,2
LIFONSINA,2
LIKANDO,2
LIKISINA,2
LIVINESS,2
LONIA,2
LORRAINE,2
LOVELET,2
LUBINDA,2
LUCENCIA,2
LWIINDI,2
MACLINA,2
MADRIN,2
MAGRETE,2
MAILES,2
MAIMBOLWA,2
MAINA,2
MALA,2
MALAMA,2
MALAMBO,2
MALIKI,2
MAMBWE,2
MANASE,2
MANEYA,2
MAPENZI,2
MARBLE,2
MARGERET,2
MASIYE,2
MATRON,2
MAULESS,2
MAXIMINA,2
MEDAN,2
MELBA,2
MELEKI,2
MELITAH,2
MELVIS,2
MILDAH,2
MILLICENT,2
MILNESS,2
MIRRIAN,2
MODESTA,2
MODRINE,2
MODY,2
MOONO,2
MOREEN,2
MSOZI,2
MUBANGA,2
MULUMBENJI,2
MUNALULA,2
MUSHABATI,2
MUTALE,2
MWADA,2
MWAKA,2
MWALE,2
MWAMBA,2
MWANGALA,2
MWANGO,2
MWANIDA,2
MWEENE,2
MWENYA,2
NADIA,2
NALUKUI,2
NAMAKANDO,2
NAMAKAU,2
NAMATA,2
NAMUSHI,2
NAMWALA,2
NAMWINGA,2
NASILELE,2
NEDDY,2
NELIYA,2
NELLIE,2
NELSON,2
NERIA,2
NGEBE,2
NGOMA,2
NJEKWA,2
NKHATA,2
NOTHANDO,2
NYAMAZABENE,2
NYIRENDA,2
ONESS,2
PASCALINA,2
PASSINA,2
PATRICK,2
PELEKELO,2
PELINA,2
PENLOPE,2
PERINA,2
PERPETUAL,2
PETRONELA,2
PHIONA,2
PRECIUOS,2
PRICILLA,2
PRIMROSE,2
PRISCAH,2
PRISCOVIA,2
RITAH,2
RODIA,2
ROYDA,2
ROZARIA,2
RUFINA,2
SALOMIE,2
SAMALIA,2
SARAI,2
SCOLASTIC,2
SELITA,2
SELIYA,2
SENTIA,2
SERA,2
SETRIDA,2
SETRIDAH,2
SHUPIWE,2
SIDONIA,2
SIKOPO,2
SINEFA,2
SINELLY,2
SIPO,2
SONILE,2
STELLAH,2
SYLVESTER,2
SYVIA,2
TABALILE,2
TABETH,2
TABITA,2
TELESA,2
TERRY,2
THEOMA,2
THOMAS,2
TICHOKE,2
TIFANANE,2
TIIMEPO,2
TIKAMBE,2
TIKULILEKUTI,2
TILELE,2
TILIRE,2
TIMEKE,2
TIONENJI,2
TIPEZENJI,2
TIPILILE,2
TISEKENJI,2
TIWELEKO,2
TIYANGANE,2
TIYANJANE,2
TIZA,2
TRICIA,2
TRIPHONIA,2
TWAMBO,2
TYSON,2
VAIDA,2
VAILET,2
VANALESI,2
VELEDIANA,2
VELENTINA,2
VICE,2
VIDAH,2
VINE,2
VINESS,2
VIVIANE,2
WENDY,2
WILSON,2
YETA,2
YOLANTA,2
ZELENIA,2
ZELITA,2
ZENA,2
ZINDABA,2
ABBRA,1
ABBY,1
ABELES,1
ABESINA,1
ABINA,1
ABINELY,1
ABU,1
ACCRASS,1
ACDAH,1
ACKLAS,1
ACRINA,1
ACTIVE,1
ADAH,1
ADAL,1
ADASA,1
ADAZY,1
ADDE,1
ADELESS,1
ADINASI,1
ADOLOFINA,1
ADRIANO,1
ADVENTURE,1
AFEDI,1
AFRICA,1
AGALASIYA,1
AGAPE,1
AGGNESS,1
AGRISIA,1
AIDA,1
AIDES,1
AILES,1
AILESSY,1
AINELLY,1
AINELY,1
AISHA,1
AISON,1
AJESI,1
AKELIDA,1
AKILINA,1
ALAIDAH,1
ALBERTINA,1
ALEAH,1
ALEDI,1
ALEDY,1
ALESS,1
ALETINA,1
ALEX,1
ALEXINA,1
ALFENIA,1
ALFERNIA,1
ALFESINA,1
ALFORD,1
ALFRESS,1
ALIBES,1
ALIBESI,1
ALIBETI,1
ALIDA,1
ALIDESI,1
ALIETRY,1
ALIFADI,1
ALIM,1
ALINAH,1
ALINAT,1
ALISEDI,1
ALISHANDRY,1
ALISTER,1
ALLINESS,1
ALUBINA,1
ALUFINA,1
ALUGINA,1
ALVERA,1
ALVIN,1
ALVINA,1
ALYNESS,1
AMELINA,1
AMINA,1
AMITY,1
AMLEDY,1
AMMIE,1
AMNET,1
AMON,1
AMOSE,1
ANAI,1
ANALISA,1
ANAS,1
ANASI,1
ANASTASTIA,1
ANCIENT,1
ANDELESI,1
ANEL,1
ANESS,1
ANET,1
ANETA,1
ANETTI,1
ANGEL,1
ANGELLA,1
ANNASI,1
ANNESS,1
ANNETE,1
ANNIA,1
ANNITA,1
ANORACSA,1
ANTMEASURE,1
ANTRESS,1
APRIL,1
ARMY,1
ARNOLD,1
ARTICE,1
ARTNESS,1
ASA,1
ASABEL,1
ASELEDY,1
ASELLY,1
ASELY,1
ASHAN,1
ASINEDY,1
ASLEDY,1
ASRIDAH,1
ASUMPTAR,1
ATALIA,1
ATELESS,1
ATHA,1
ATILESS,1
ATNESS,1
ATOTWE,1
ATWA,1
AUBBY,1
AUBREY,1
AUGUSTINA,1
AUGUSTINE,1
AVELES,1
AVELESS,1
AVERTY,1
AVES,1
AZEDI,1
AZELINA,1
BABRA,1
BANGWETA,1
BANJI,1
BEARLESS,1
BEAUNA,1
BEDNESS,1
BELENTIYA,1
BELINA,1
BELIWE,1
BELIYA,1
BELLA,1
BELLY,1
BENEDTTE,1
BENHILDAH,1
BENIFER,1
BENIGNA,1
BERIAN,1
BERLIN,1
BERNADATE,1
BERNADDATE,1
BERNADETA,1
BERNARDETTE,1
BERNEDETTE,1
BERVERLY,1
BESIYA,1
BESTAR,1
BESTELIA,1
BETHA,1
BETISHEBA,1
BETRAM,1
BEVERLY,1
BIBIANO,1
BIDOSE,1
BIRTHA,1
BISA,1
BITA,1
BIVARY,1
BIYATA,1
BLESSED,1
BOBENA,1
BOZIMA,1
BOZY,1
BRAZILIDA,1
BRILLIAN,1
BRITAH,1
BRITIOUS,1
BUBALA,1
BULONGO,1
BUNJA,1
BUSIKO,1
BUUMBA,1
BWIZA,1
CAREN,1
CARLA,1
CAROLYN,1
CASTER,1
CEASAR,1
CELESIA,1
CELESTINA,1
CEPHAS,1
CETRIDAH,1
CHABILI,1
CHAKONDA,1
CHAKUMANDA,1
CHAKWANA,1
CHALI,1
CHALIKOSA,1
CHALONA,1
CHALWE,1
CHANTELLE,1
CHAPANSI,1
CHASHA,1
CHASTY,1
CHATHRINE,1
CHAYA,1
CHAZE,1
CHELA,1
CHELLY,1
CHENAI,1
CHENAMY,1
CHIAWA,1
CHIBAMBA,1
CHIBANGO,1
CHIBEKA,1
CHIBETEKA,1
CHIBOZU,1
CHIBUYE,1
CHICHI,1
CHIDONGO,1
CHIDOTHI,1
CHIEDZAI,1
CHIFUNA,1
CHIKONJILE,1
CHIKWIKWI,1
CHILENGO,1
CHILEYA,1
CHILIKWANZI,1
CHILOBE,1
CHILUBA,1
CHILUFYA,1
CHILUKUTU,1
CHILUNJE,1
CHIMBA,1
CHIMFWEMBE,1
CHIMUNYA,1
CHINAWA,1
CHINGA,1
CHIOMA,1
CHIPASE,1
CHIPEPE,1
CHIPILI,1
CHIPULUMUSO,1
CHISAKULO,1
CHISENGA,1
CHISENGO,1
CHISOLA,1
CHISONGA,1
CHITA,1
CHOLWE,1
CHOMBA,1
CHOOLA,1
CHOONGA,1
CHOONGO,1
CHOONYA,1
CHOSAZIWA,1
CHRISCOLA,1
CHRISELDA,1
CHRISENCIA,1
CHRISTEN,1
CHRISTENCIA,1
CHRISTETAR,1
CHRISTOPHER,1
CHRSITIAN,1
CHRSITINE,1
CHRYSTATER,1
CINDY,1
CINTIAN,1
CLARETY,1
CLAVINAH,1
CLAYSON,1
CLEMENT,1
CLEMENTINE,1
CLEMETINA,1
CLENSIA,1
CLEOPTRA,1
CLEVER,1
CLODIN,1
CLOTILDAH,1
CLOTRIDA,1
CLOUDIA,1
CLOUDY,1
CLOVER,1
COLINAH,1
COLINESS,1
COLLENCE,1
COLLETE,1
COLLINS,1
COLUMBIA,1
COMFORT,1
CONCILIA,1
CONCILLIA,1
CONIE,1
CONJETTA,1
CONNIPHER,1
CONRAD,1
CONSIDA,1
CONTILDA,1
CORINE,1
CORINTY,1
CORNELIA,1
COSINAH,1
COTRIDA,1
COUNTRESS,1
DAINAH,1
DAINES,1
DALE,1
DALESS,1
DALITSO,1
DALPHINE,1
DAMALES,1
DAMALESS,1
DANESS,1
DANNY,1
DARKENED,1
DAUCE,1
DAVID,1
DAVISON,1
DEBBIE,1
DEBBY,1
DELIE,1
DELIFA,1
DELILE,1
DELIS,1
DELIYA,1
DENIA,1
DENIS,1
DENIYA,1
DEOPHINE,1
DERINA,1
DEVELESI,1
DEXINA,1
DEZZIE,1
DIA,1
DIALESS,1
DIANAH,1
DIASE,1
DICK,1
DIJA,1
DILESS,1
DINAINESS,1
DINESS,1
DINGILE,1
DINNER,1
DITETA,1
DOFISTA,1
DOLASE,1
DOLIA,1
DOLIWE,1
DOMINIC,1
DONGO,1
DONIA,1
DONNA,1
DORAH,1
DORCUS,1
DORES,1
DORIA,1
DORIES,1
DOROFINA,1
DOROPHINA,1
DOROTH,1
DORRICA,1
DORROTHY,1
DOVISTER,1
DRESDEN,1
DUBE,1
DUGHT,1
DUMASE,1
DUMBWIIZI,1
DUWIWE,1
DUZAI,1
EASTER,1
EASTHER,1
EBBA,1
EBINA,1
ECKLESS,1
EDA,1
EDDAH,1
EDELIA,1
EDESI,1
EDESS,1
EDESY,1
EDIFAR,1
EDINESS,1
EDNAN,1
EDWARD,1
EDWINE,1
EFAR,1
EFELIDA,1
EFELITA,1
EFELIYA,1
EFENIA,1
EFFELI,1
EFFIE,1
EFFY,1
EFINET,1
EGILIA,1
EKWASE,1
ELALIYA,1
ELEDES,1
ELEDI,1
ELEDY,1
ELEMIA,1
ELEMIIYA,1
ELEMINA,1
ELEMIYA,1
ELEPI,1
ELERSTER,1
ELESIA,1
ELESIYA,1
ELESS,1
ELESSI,1
ELESSY,1
ELEZEDI,1
ELIA,1
ELICA,1
ELIET,1
ELINASE,1
ELINAT,1
ELINESS,1
ELISCAH,1
ELISTINA,1
ELIUD,1
ELIZABETI,1
ELLENA,1
ELLES,1
ELLESY,1
ELLIKA,1
ELLINA,1
ELLITA,1
ELLIZABETH,1
ELVIS,1
ELZABETH,1
EMALIA,1
EMELINAH,1
EMELLES,1
EMERIA,1
EMERLY,1
EMERY,1
EMMANUEL,1
EMMELDAH,1
EMMELY,1
ENEDDY,1
ENESIA,1
ENESSY,1
ENESY,1
ENEVIA,1
ENIA,1
ENID,1
ENIKA,1
ENIRE,1
ENITA,1
ENIYA,1
ENIYAH,1
ENNIE,1
ENOCK,1
ENOVIA,1
ENTER,1
ENTRIDA,1
ERICAH,1
ESAU,1
ESHLY,1
ESILIA,1
ESINALA,1
ESINEY,1
ESINEYA,1
ESINEZIA,1
ESITELE,1
ESNEA,1
ESNELESI,1
ESNELI,1
ESNELLA,1
ESNELLI,1
ESON,1
ESTELLAH,1
ESTELLE,1
ESTINA,1
ETHEN,1
ETHER,1
ETHERDREDA,1
ETHETRIDA,1
ETINAH,1
ETINAL,1
EUCRAVIA,1
EUGENIA,1
EUKERIA,1
EUPHRAZIA,1
EURITA,1
EUSTECHIA,1
EUSTEKIA,1
EUSTINE,1
EVALINA,1
EVALINE,1
EVANNESS,1
EVARISTA,1
EVARYN,1
EVELES,1
EVEMORE,1
EVERATE,1
EVERETY,1
EVERLINA,1
EVERLINE,1
EVERNESS,1
EVERT,1
EVESTER,1
EVINCE,1
EVINESS,1
EVINY,1
EXEVIOR,1
EXHILDA,1
EXHILDAH,1
EXIDAH,1
EXILLIA,1
EXSINA,1
EZEKIEL,1
EZELETI,1
EZENIA,1
EZIN,1
EZINALA,1
EZZINESS,1
FADA,1
FADALES,1
FADNESS,1
FALASIYA,1
FALAZIYA,1
FALESY,1
FALITA,1
FAN,1
FANIA,1
FANIKISO,1
FANIYA,1
FANNEL,1
FARESI,1
FAT,1
FATU,1
FAUSTINE,1
FEBIAN,1
FELESI,1
FELESIAH,1
FELESTINA,1
FELIDAH,1
FELISTAUS,1
FELONY,1
FEMI,1
FENLY,1
FENNIA,1
FERDNARD,1
FERRY,1
FESTINA,1
FESTON,1
FIDESY,1
FILDAH,1
FINNEY,1
FIONA,1
FISE,1
FLANITA,1
FLEVIA,1
FLOIDA,1
FLONY,1
FLORIAN,1
FLORIDAH,1
FLORINA,1
FLYNESS,1
FOLLIANO,1
FORDSON,1
FORTUNE,1
FOSTINAH,1
FRACIA,1
FRANCINE,1
FRANCISCA,1
FRANKLIN,1
FRASCICA,1
FRAVIA,1
FRAVIER,1
FREDSON,1
FREDY,1
FRRIDAH,1
GARCE,1
GEAN,1
GELIE,1
GELON,1
GENETI,1
GENEZIA,1
GENIAS,1
GEORGE,1
GEORGENA,1
GERIA,1
GESTINA,1
GET,1
GILGAL,1
GIOVANA,1
GIVENESS,1
GIVINESS,1
GLYCERIA,1
GODFRIDA,1
GOERGINA,1
GOLETA,1
GORETTI,1
GORIETY,1
GOSTER,1
GOTOLA,1
GRABLE,1
GRACELAND,1
GRAINER,1
GRAN,1
GRASSIA,1
GRECENCIA,1
GRENDA,1
GRENESS,1
GRETCHENG,1
GRETEL,1
GRICELLA,1
GRYNESS,1
GWEBENTE,1
GWENI,1
GWENNY,1
HABABOLA,1
HABENI,1
HABILA,1
HAIDA,1
HAKOOLA,1
HAMINA,1
HAMMY,1
HANA,1
HANETY,1
HANTEEMA,1
HANYINDA,1
HARA,1
HAWA,1
HAZEL,1
HEAVINESS,1
HELENA,1
HELENI,1
HELGA,1
HENRY,1
HERST,1
HITLER,1
HOLLY,1
HONEST,1
HOPLY,1
IDAN,1
IDDIE,1
IDESI,1
IDESS,1
IGNACIOUS,1
IJEOMA,1
IKAFA,1
IKOWA,1
ILEDIN,1
ILLESS,1
IMBUWA,1
IMBWAE,1
IMENDA,1
IMMACULATE,1
INAH,1
INELI,1
INESY,1
INNA,1
INNOCENT,1
INNOCENTIA,1
IRET,1
IRID,1
IRONY,1
IRVIS,1
ISO,1
ISOLATE,1
IVESY,1
IVIN,1
IVWANANJI,1
IWANANJI,1
JACK,1
JACQULINE,1
JALINA,1
JAMES,1
JANETTY,1
JANNY,1
JAPHETA,1
JAULI,1
JEBUNISA,1
JELINA,1
JENALLA,1
JENARA,1
JENESS,1
JENINA,1
JENINE,1
JENITA,1
JENNESY,1
JEREMIA,1
JESMOND,1
JESTA,1
JESTERIA,1
JESTINA,1
JESTOR,1
JOCYLIN,1
JOEPHINE,1
JOLIVE,1
JONAS,1
JONATHANI,1
JOPHINE,1
JOSHUA,1
JOYLINE,1
JUBINA,1
JUBINESS,1
JUIET,1
JULESS,1
JULIAN,1
JULIIET,1
JULLIEN,1
JUSTA,1
JUSTEY,1
JUSTIN,1
JUVENALIUS,1
KABALU,1
KABUBA,1
KAEMBA,1
KALE,1
KALENA,1
KALENDA,1
KALENGA,1
KALIMA,1
KALOZA,1
KALUMBA,1
KAMANGA,1
KAMBILENI,1
KAMFWA,1
KAMPAMBA,1
KANCHELE,1
KANCHOWA,1
KANDUBA,1
KANENE,1
KANGWA,1
KAONA,1
KAPEYA,1
KARINA,1
KASANDA,1
KASANGA,1
KASAPO,1
KASHINA,1
KASHINGE,1
KASHUMBA,1
KASUSU,1
KATELINA,1
KATIE,1
KATOWA,1
KATRINA,1
KATUTU,1
KAUSA,1
KAVUI,1
KAWA,1
KAWENA,1
KAYOMA,1
KAYUNI,1
KAZHIMA,1
KEDULA,1
KELIN,1
KELITA,1
KELLY,1
KELODY,1
KELYSAN,1
KEMISTER,1
KEMMY,1
KENNEDY,1
KENNIA,1
KERINE,1
KERON,1
KETINA,1
KEYALA,1
KHUMBWI,1
KHUTOWE,1
KILLION,1
KIPE,1
KISWANI,1
KIZINA,1
KIZITO,1
KOMBE,1
KOMBELWA,1
KOMOYO,1
KOREN,1
KOZA,1
KUBANGU,1
KUBECHETE,1
KUFULA,1
KUTEMBA,1
KUWEMA,1
LADDY,1
LADYNESS,1
LAHABE,1
LAINA,1
LAINESS,1
LAIZA,1
LANSBERK,1
LARRIES,1
LASHIWE,1
LASISHI,1
LASSY,1
LASTON,1
LATEST,1
LAURINA,1
LAUZI,1
LAVENDER,1
LAVZI,1
LAYNET,1
LEA,1
LEAR,1
LEARNIE,1
LEDI,1
LEE,1
LEESE,1
LEGIA,1
LEJESSY,1
LEKELENI,1
LEKISINA,1
LELIYA,1
LENAH,1
LENIAH,1
LEONARD,1
LESDELA,1
LESI,1
LESLEY,1
LESSI,1
LETESHIA,1
LETESIYA,1
LETISHA,1
LETTY,1
LEVENIYA,1
LEWIS,1
LEYER,1
LIA,1
LIBANGA,1
LIBERATOR,1
LICKNESS,1
LICKSINA,1
LIDIA,1
LIET,1
LIKUMBI,1
LILLLIA,1
LILLY,1
LIMOSE,1
LINAH,1
LINEAR,1
LIONDE,1
LITER,1
LIYA,1
LIZ,1
LIZZ,1
LOBBY,1
LOCHE,1
LOCHIWE,1
LOIDESS,1
LOINAH,1
LOIS,1
LOMANZI,1
LOMBE,1
LONA,1
LONAH,1
LONICE,1
LONIS,1
LONISA,1
LONIWE,1
LORETLA,1
LOTIWE,1
LOUETTE,1
LOUZI,1
LOVELY,1
LOVENIA,1
LOVEROSE,1
LOWENA,1
LOYDA,1
LOYS,1
LOZARIA,1
LUBASI,1
LUBOMBO,1
LUCIE,1
LUCKY,1
LUDIA,1
LUDIYA,1
LUDY,1
LUFINA,1
LUISA,1
LUKOMANO,1
LUKONDE,1
LULU,1
LUMBA,1
LUMBIWE,1
LUMINZU,1
LUNCENSIA,1
LUNGU,1
LUNIYA,1
LUPA,1
LUPIWE,1
LUSE,1
LUSIYA,1
LUSTER,1
LUWA,1
LWIDINESS,1
LWIMBA,1
LWINI,1
LWIPA,1
LYNDA,1
LYNETTE,1
MAAMBA,1
MABEL,1
MABETA,1
MADAH,1
MADALINA,1
MADALISO,1
MADALITSO,1
MADDLEN,1
MADREEN,1
MADRINE,1
MAERINE,1
MAFULO,1
MAFUNASE,1
MAGADALENA,1
MAGARET,1
MAGGI,1
MAGGLINE,1
MAGGRET,1
MAGONE,1
MAGRETT,1
MAGRETTE,1
MAGRINA,1
MAIMBO,1
MAINAILA,1
MAINZA,1
MAKAKO,1
MAKAWOSE,1
MAKINI,1
MAKIYU,1
MAKOKWA,1
MALAWO,1
MALEDI,1
MALEKA,1
MALENE,1
MALENI,1
MALEYA,1
MALIATI,1
MALIBATA,1
MALIGELITA,1
MALILO,1
MALILWE,1
MALINDA,1
MALINDI,1
MALISELA,1
MALITAH,1
MALIYATI,1
MALIYOSE,1
MALIZYE,1
MALTIDA,1
MALTIDAH,1
MALTILDA,1
MALTILDAH,1
MALUMBASE,1
MANDALA,1
MANDI,1
MANGO,1
MANJANJI,1
MANJASE,1
MAO,1
MAPALO,1
MARA,1
MARCELLINA,1
MARFORY,1
MARGENET,1
MARGET,1
MARGGIE,1
MARGIE,1
MARGRTE,1
MARIADE,1
MARIAGRACIA,1
MARIAH,1
MARIE-CLAIRE,1
MARIET,1
MARIYANA,1
MARRIANE,1
MARTILDAH,1
MARYGRACE,1
MARYJANE,1
MARYROSE,1
MASANGA,1
MASATSO,1
MASAUSO,1
MASIKU,1
MASILISO,1
MASOKA,1
MASULANI,1
MATAKALA,1
MATALE,1
MATE,1
MATEO,1
MATEYO,1
MATHILDAH,1
MATIMBA,1
MATOMOLA,1
MATSAUSO,1
MAUD,1
MAXINE,1
MAYABA,1
MAZUNZO,1
MBALOSE,1
MBAYOSE,1
MBEWE,1
MBOBOLA,1
MCHAISI,1
MECHA,1
MEDES,1
MEDIA,1
MEDIAN,1
MEDINA,1
MEDRINA,1
MEFA,1
MEKIWE,1
MELAN,1
MELANY,1
MELEBY,1
MELENIA,1
MELIKA,1
MELLA,1
MELLISA,1
MENGELI,1
MENITA,1
MERIAN,1
MERIT,1
MERITY,1
MESELINAH,1
MESIYA,1
MESSIAH,1
METINA,1
METNESS,1
METRICIOUS,1
METRIN,1
METRON,1
MIBANGA,1
MICAH,1
MICHELINE,1
MICHELO,1
MICKNESS,1
MIGRESS,1
MIKIWE,1
MILA,1
MILDA,1
MILDREB,1
MILE,1
MILES,1
MILESS,1
MILET,1
MILINGA,1
MILLIAM,1
MILLIE,1
MILLIKA,1
MILOMO,1
MINALA,1
MINIVER,1
MINSOZI,1
MIRIAM,1
MISHECK,1
MISSA,1
MIYA,1
MIYANDA,1
MIYOBA,1
MIZINGA,1
MNAYANI,1
MODDY,1
MODE,1
MODESSY,1
MODESTINA,1
MODESTO,1
MODNESS,1
MOLEA,1
MONJE,1
MOOKA,1
MOOYA,1
MORAN,1
MORREN,1
MOSHO,1
MOTREL,1
MPATISHA,1
MPULI,1
MPUNDU,1
MSENGE,1
MTHOLE,1
MTIYA,1
MUBAMBEKWA,1
MUBIANA,1
MUBITA,1
MUBIWA,1
MUBUKWANU,1
MUDENDA,1
MUFAYA,1
MUFUKA,1
MUKABONO,1
MUKALISULO,1
MUKALUBILO,1
MUKAMASOLE,1
MUKANDA,1
MUKATIMUI,1
MUKHALEPO,1
MUKONDE,1
MUKOSA,1
MUKUBESA,1
MUKUMBI,1
MUKUMBUTA,1
MULAPE,1
MULELA,1
MULELAMANJA,1
MULEME,1
MULEMWA,1
MULEYA,1
MULONDA,1
MUMA,1
MUMBA,1
MUNAMWEEMBA,1
MUNEYI,1
MUNGAMEKE,1
MUNTANGA,1
MUNTINTA,1
MUNYEMBE,1
MUPHELE,1
MUSA,1
MUSAKANYA,1
MUSALA,1
MUSALE,1
MUSALEPO,1
MUSAMBA,1
MUSHIKA,1
MUSHILI,1
MUSHINGA,1
MUSOLE,1
MUTAMBO,1
MUTANASE,1
MUTASHE,1
MUTILILE,1
MUTOBA,1
MUTOLE,1
MUTONDO,1
MUTUKA,1
MUTUMBA,1
MUUKA,1
MUUMBA,1
MUWANA,1
MUWELUZA,1
MUYESA,1
MUYUNDA,1
MUZWAMASIMU,1
MUZYA,1
MWACHIPA,1
MWAMI,1
MWANANSALUKA,1
MWANDAMENA,1
MWANDO,1
MWANI,1
MWANITENGELAKASO,1
MWANZA,1
MWANZAJI,1
MWANZANJI,1
MWATIPATA,1
MWAZI,1
MWAZIONA,1
MWEENDA,1
MWENDA,1
MWENDALUBI,1
MWENZI,1
MWEPU,1
MWICHE,1
MWILWA,1
MWINGA,1
MWINSI,1
MWIZA,1
MYNESS,1
NABOMBE,1
NADINA,1
NAKALIMA,1
NAKUBIYANA,1
NAKWALI,1
NAKWETI,1
NALUCHA,1
NALUNGWANA,1
NALUYA,1
NALWANGA,1
NAMANGA,1
NAMATAMA,1
NAMBEU,1
NAMIYE,1
NAMUSA,1
NAMUYOBA,1
NAMWANYI,1
NAMWENDA,1
NAMWIINGA,1
NANDI,1
NANDIPA,1
NAOMIE,1
NASILITA,1
NASMANGO,1
NATA,1
NAVIET,1
NAWI,1
NAWITY,1
NDEDE,1
NDEKAZI,1
NDEZZY,1
NDIYASE,1
NDOMBWE,1
NDOSE,1
NECCA,1
NEGRACE,1
NELIFER,1
NELLIA,1
NELLISY,1
NESIA,1
NESTORINE,1
NESTY,1
NETIWE,1
NGAMBO,1
NGAWA,1
NGOMI,1
NGOZA,1
NGOZI,1
NGULA,1
NICHOLAS,1
NILLAR,1
NILS,1
NITA,1
NIZA,1
NJANA,1
NKHANDU,1
NKHOMA,1
NKHUMBWI,1
NKONDE,1
NKWETO,1
NOAH,1
NOLIVER,1
NOLIVIA,1
NOMALANGA,1
NONO,1
NOORAH,1
NORIAH,1
NORTHAN,1
NOVELESI,1
NOZIZWE,1
NSOFWA,1
NTAKAKUYA,1
NYALUWO,1
NYAMA,1
NYAMBWA,1
NYANYIWE,1
NYAWA,1
NYEMBEZI,1
NYONI,1
NYUNDIWE,1
NZALI,1
NZILA,1
OBVIOUS,1
OCSTER,1
ODELIA,1
ODETHA,1
ODILIYA,1
ODINA,1
ODNESS,1
ODRIA,1
OLEEN,1
OLENI,1
OLGA,1
OLIA,1
OLIDIX,1
OLIEN,1
OLIPAH,1
OLITAH,1
OLIVENESS,1
OLIVY,1
OLOGA,1
OMBA,1
OMPHILE,1
ONALIYA,1
ONEBBY,1
ONESTER,1
ONESY,1
ONIVER,1
OPAH,1
OPHA,1
OPHILIA,1
ORLANDO,1
OSIYA,1
OSTRIA,1
OSWARD,1
PACKER,1
PASKEZIA,1
PASSINAH,1
PATRON,1
PATSON,1
PAULO,1
PAXILIA,1
PAXINA,1
PEARSON,1
PEBIAN,1
PEDDY,1
PEGOT,1
PELESIA,1
PENELOP,1
PENINA,1
PENJANI,1
PENLOP,1
PENNINAH,1
PERODA,1
PESILLIAN,1
PETENIA,1
PETRINA,1
PETRONELLLA,1
PETTY,1
PHALES,1
PHALIYA,1
PHANOY,1
PHARLESSY,1
PHELINESS,1
PHELISTER,1
PHELISTERS,1
PHENORARY,1
PHIDELINE,1
PHILLES,1
PHILLIMON,1
PHILNA,1
PHILOMINA,1
PHINAH,1
PHINES,1
PHINIAS,1
PHOEBBY,1
PHOEBE,1
PHOSTINA,1
PHYLLIS,1
PIMPA,1
PLAXCEDES,1
PLAXEDES,1
POULINA,1
PRECEVIA,1
PRECIDESI,1
PRETTY,1
PREX,1
PRICARIA,1
PRINETY,1
PRIORITY,1
PRISCAR,1
PRISCIALLA,1
PRISICA,1
PRISILLA,1
PRITIAN,1
PROGRESS,1
PROSPELINA,1
PROSPERINE,1
PROSPERLINA,1
PRSCILLA,1
QUEENIVA,1
RACHELA,1
RAHABI,1
RAPHEAL,1
REBBACA,1
RECKY,1
REGINAH,1
REJINA,1
REJOICE,1
REKHA,1
RENIA,1
RHOIDA,1
RHOIDAH,1
RICA,1
RICHMAN,1
RIDA,1
RIDIA,1
RIFFER,1
RINA,1
RIPAR,1
RISTA,1
RIYAA,1
ROBIA,1
ROBINA,1
RODA,1
RODNESS,1
ROGITA,1
ROICY,1
ROIDA,1
ROIDAH,1
ROJETY,1
ROLINE,1
ROMA,1
ROMANS,1
ROMANZI,1
ROMANZY,1
ROMITER,1
RONAH,1
RONAN,1
RONIA,1
ROSARIO,1
ROSELINA,1
ROSENA,1
ROSETY,1
ROSIE,1
ROTHARINE,1
ROTINA,1
ROUSTER,1
ROYNA,1
ROYNESS,1
ROZA,1
ROZALIA,1
ROZANA,1
ROZINA,1
RUBY,1
RUCIA,1
RUFIA,1
RUTHINA,1
SABETA,1
SADNESS,1
SAFE,1
SAFI,1
SAFILA,1
SAIDI,1
SAINA,1
SAIWE,1
SAKILE,1
SALIFYA,1
SALIMU,1
SALIYA,1
SALULA,1
SAMARIA,1
SAMATHA,1
SAMETA,1
SAMUEL,1
SAMWAKA,1
SANDFORD,1
SANKHENJANI,1
SANKISTER,1
SANTRON,1
SANTRONA,1
SAPHIRA,1
SARAMA,1
SASITA,1
SAULOS,1
SAVOICE,1
SCHOLASTIC,1
SCHOLASTICA,1
SCHOLASTIK,1
SEBASTINA,1
SEBELIA,1
SEBIA,1
SEDIA,1
SEFANI,1
SEKEYI,1
SEKWASE,1
SELENANI,1
SELENIKA,1
SELESESTINA,1
SELIA,1
SELIFA,1
SELINIA,1
SENDA,1
SENZI,1
SEPE,1
SEPO,1
SERAH,1
SERENIYA,1
SERIDA,1
SESPEKILE,1
SEVINAH,1
SHADRICK,1
SHAIDA,1
SHALLON,1
SHALON,1
SHAMBALASH,1
SHANAID,1
SHAPOLA,1
SHEBA,1
SHEDITH,1
SHEIK,1
SHEILLA,1
SHEILLAH,1
SHEKINA,1
SHERNE,1
SHIBA,1
SHIDA,1
SHIELD,1
SHIELE,1
SHIKAPANDE,1
SHILA,1
SHIRA,1
SHIRLY,1
SHORAI,1
SHUMA,1
SHUPE,1
SHUPI,1
SHUPIKO,1
SIALENGA,1
SIAME,1
SIBAJENE,1
SIBEKISIWE,1
SIBONGILE,1
SICHIKOLO,1
SICHOMBOLWA,1
SIDAR,1
SILILO,1
SILIMI,1
SILINA,1
SILLA,1
SIMON,1
SIMPHIKE,1
SIMUTELE,1
SIMUUKA,1
SINAI,1
SINAKAIMBI,1
SINAZEN,1
SINEYA,1
SINIDA,1
SINITA,1
SINOYA,1
SITALI,1
SITIWE,1
SITUMBEKO,1
SITUMO,1
SIVALESS,1
SIVINESS,1
SIWONESIWE,1
SIZIWE,1
SOKO,1
SOLOFINA,1
SOLOPHINA,1
SOLOTINA,1
SOMIA,1
SONENI,1
SONGOLO,1
SOPHI,1
SPELILE,1
SPIWE,1
STALLA,1
STANCELOUS,1
STAVIA,1
STEFANIA,1
STEFFAN,1
STELLE,1
STELLLA,1
STEPHANIE,1
STERIA,1
STHENBENI,1
STINA,1
STIWE,1
SUBA,1
SUNGAI,1
SUNLESS,1
SUSANA,1
SUSANNA,1
SUSU,1
SUZAN,1
SUZYO,1
SYLIA,1
TABIYA,1
TACKSON,1
TADEYA,1
TAISON,1
TAITA,1
TALAONA,1
TAMA,1
TAMBUDZA,1
TAMBUDZAI,1
TANGU,1
TAWI,1
TAZA,1
TECHAWANA,1
TECLAR,1
TEDDY,1
TEFINAT,1
TELEZIA,1
TELIA,1
TELINA,1
TERESSA,1
TERSY,1
TESE,1
TESER,1
TESTINA,1
TETIWE,1
THADEUS,1
THANDI,1
THANDOSE,1
THATEMA,1
THEMBO,1
THERASA,1
THERESE,1
THERESSA,1
THEREZA,1
THOMSON,1
THREASA,1
THUMENJI,1
TIANA,1
TIBALENJI,1
TIBVALENJI,1
TICK,1
TIDANE,1
TIFELEPO,1
TIGWADE,1
TIGWANDE,1
TIKHOZENJI,1
TIKHUZENJI,1
TIKU,1
TIKULILEKO,1
TILAPENJI,1
TILAWILENJI,1
TILAWILLE,1
TILEKANE,1
TILI,1
TILYENJI,1
TIMALIZE,1
TINASHE,1
TIOPHISTER,1
TIPEMBE,1
TIPENYE,1
TIPOSHE,1
TISAMALE,1
TISIANE,1
TISILE,1
TISILIRE,1
TISIYANA,1
TISSA,1
TISULEKO,1
TITAMANE,1
TITHA,1
TITHELENJI,1
TIUZEYANI,1
TIVALENJI,1
TIVWALENJI,1
TIWAMYENJI,1
TIYAKHENJI,1
TIYAMIKE,1
TIYANKHE,1
TIYEMBEKEZA,1
TIYESE,1
TIZIONE,1
TIZZA,1
TOKOZILE,1
TOMAIDAH,1
TOMALA,1
TOWELA,1
TRACE,1
TRACIA,1
TRAPHINA,1
TRESA,1
TRESILLA,1
TRESINA,1
TRESSA,1
TRIFEN,1
TRISTAN,1
TRIVINA,1
TRUDE,1
TRUDY,1
TRUMENTIOUS,1
TRUST,1
TRYFINAH,1
TRYNESS,1
TRYVINA,1
TUMELO,1
TWIZA,1
UCEY,1
UNICE,1
UNIVERSE,1
URIA,1
USER,1
USTINOVA,1
UWOBAGAYA,1
VALETIA,1
VANESS,1
VANIKE,1
VASNETTE,1
VAST,1
VASTINA,1
VELE,1
VELENAS,1
VELENASE,1
VELENASI,1
VELEPI,1
VELETINA,1
VELETIYA,1
VELICHIANA,1
VELIDIAN,1
VELONICA,1
VELONIKA,1
VENA,1
VENAH,1
VENANCIAL,1
VENISTER,1
VENNY,1
VENUS,1
VENXLANDA,1
VERA,1
VERAH,1
VERATIYA,1
VERGINIA,1
VERGY,1
VERICA,1
VERINAS,1
VERO,1
VETINA,1
VIANA,1
VICKNESS,1
VICKY,1
VICTOR,1
VIDA,1
VIGI,1
VILOLET,1
VINAS,1
VINETY,1
VISTA,1
VITA,1
VITALLINA,1
VIYEMA,1
VOICE,1
VOID,1
VOIKA,1
VOILET,1
VORCE,1
VOSSY,1
VRIA,1
VUNIWE,1
VYLIN,1
WAINESS,1
WAKUNYAMBO,1
WALTER,1
WEBSON,1
WEDDING,1
WESTON,1
WEZI,1
WHIMAT,1
WHYSON,1
WIKA,1
WILLIAM,1
WILLIE,1
WINIEFRIDAH,1
WINNY,1
WINORAH,1
WINRIDAH,1
WINTER,1
WISDOM,1
WISE,1
WISINA,1
WOMBA,1
YAKIWE,1
YALIWE,1
YAMBA,1
YETTA,1
YOKONA,1
YOMBE,1
YONILE,1
YUDI,1
ZAMA,1
ZANDRINA,1
ZELINA,1
ZELIYA,1
ZENBA,1
ZENI,1
ZHALOTTE,1
ZIKONDE,1
ZIKWENDA,1
ZILASE,1
ZILESI,1
ZILOSE,1
ZIMILI,1
ZINDAWA,1
ZINDOGA,1
ZIONE,1
ZIPPORAH,1
ZONDIWE,1
ZONDOWE,1
ZONOBIA,1
ZULU,1
ZUNDA,1
